{"Epoch": 11, "Train Loss": 0.0035573889297888196, "Valid Loss": 0.042819427568038915, "_timestamp": 1678344443.4112976, "_runtime": 280.90886664390564, "_step": 11, "_wandb": {"runtime": 117}}