{"train loss": 0.010878776344215182, "valid loss": 0.0, "_timestamp": 1678428868.9219346, "_runtime": 94.11259460449219, "_step": 37, "_wandb": {"runtime": 91}}