{"Train Loss": 0.0009551736772129711, "Valid Loss": 0.05416261592439113, "_timestamp": 1678344685.2227473, "_runtime": 222.23306226730347, "_step": 19, "_wandb": {"runtime": 221}}