{"train loss": 0.004053548421710729, "valid loss": 0.017025063885375856, "_timestamp": 1678353008.1981654, "_runtime": 632.9921255111694, "_step": 46, "_wandb": {"runtime": 644}}