{"train loss": 0.008474978427635805, "valid loss": 0.010570755843240433, "_timestamp": 1678354365.3907654, "_runtime": 527.6974384784698, "_step": 3, "_wandb": {"runtime": 603}}