{"train loss": 0.025277761441672028, "valid loss": 0.036664347659911146, "_timestamp": 1678430862.5784187, "_runtime": 107.96425461769104, "_step": 49, "_wandb": {"runtime": 106}}