{"train loss": 0.00649819789454341, "valid loss": 0.0057670143569509185, "_timestamp": 1678352331.9227679, "_runtime": 22.761598825454712, "_step": 0, "_wandb": {"runtime": 34}}