{"Train Loss": 0.0009941507774133397, "Valid Loss": 0.05376723612669303, "_timestamp": 1678348287.405048, "_runtime": 222.43022680282593, "_step": 19, "_wandb": {"runtime": 221}}