{"train loss": 0.006703517960563305, "valid loss": 0.03893061594974364, "_timestamp": 1678429016.0619705, "_runtime": 119.29145336151123, "_step": 49, "_wandb": {"runtime": 118}}